pair_index,max_processing_time
0,15.4528610706329
1,15.2151753902435
2,15.3555088043213
3,15.4465792179108
4,15.5770547389984
5,15.6818382740021
6,15.2761125564575
7,15.5131685733795
8,15.4254126548767
9,15.5076763629913
10,15.8539073467255
11,16.1473231315613
12,15.9709296226501
13,15.6721270084381
14,15.6590695381165
15,15.792421579361
16,15.8027331829071
17,15.8694748878479
18,15.6112208366394
19,15.5034170150757
20,15.7898533344269
21,15.8190598487854
22,15.6932847499847
23,15.5532288551331
24,15.6173505783081
25,16.0748016834259
26,16.0859100818634
27,15.9268712997437
28,15.8945915699005
29,12.6005842685699
,467.389548063278
