pair_index,max_processing_time
0,16.2507255077362
1,15.6137928962708
2,15.7231492996216
3,15.7692248821259
4,15.9588215351105
5,15.6879096031189
6,15.394344329834
7,15.3536291122437
8,15.4944989681244
9,15.6444365978241
10,16.0846054553986
11,16.0014519691467
12,15.9334011077881
13,15.5560746192932
14,15.5480558872223
15,15.6252644062042
16,15.8285884857178
17,15.849725484848
18,15.5821988582611
19,15.5390117168427
20,15.8949048519135
21,15.7607963085175
22,15.693106174469
23,15.5304770469666
24,15.5960655212402
25,16.179386138916
26,15.8264207839966
27,15.9741208553314
28,15.961357831955
29,12.4065358638763
,469.262082099915
