pair_index,max_processing_time
0,15.5142230987549
1,15.2392678260803
2,15.2982285022736
3,15.5328657627106
4,15.4707005023956
5,15.2733676433563
6,15.367559671402
7,15.5200254917145
8,15.5623519420624
9,15.65003657341
10,16.1786153316498
11,16.082959651947
12,15.9069077968597
13,15.4018642902374
14,15.6333646774292
15,15.7599010467529
16,15.8628585338593
17,15.7159721851349
18,15.5702147483826
19,15.5564785003662
20,15.6502623558044
21,15.7570061683655
22,15.4475808143616
23,15.4320025444031
24,15.6746544837952
25,15.8287463188171
26,15.7867913246155
27,15.8206055164337
28,15.8856792449951
29,12.5536932945251
,465.934785842896
