pair_index,max_processing_time
0,14.6628203392029
1,14.6372954845428
2,14.9492173194885
3,14.3151516914368
4,14.0577573776245
5,14.5954248905182
6,14.4687881469727
7,14.2780084609985
8,14.4271202087402
9,14.5036585330963
10,14.9617941379547
11,14.9085547924042
12,14.8917760848999
13,14.3753914833069
14,14.3156721591949
15,14.4923839569092
16,14.7251150608063
17,14.7029111385345
18,14.8504259586334
19,14.2219750881195
20,14.0459299087524
21,13.938408613205
22,14.4086666107178
23,14.5533754825592
24,14.5760986804962
25,15.0251324176788
26,14.9702849388123
27,14.6550531387329
28,14.6884424686432
29,11.755512714386
,433.958147287369
