pair_index,max_processing_time
0,14.7293546199799
1,14.5842890739441
2,15.0086259841919
3,14.319571018219
4,14.0803985595703
5,14.6160418987274
6,14.4248132705688
7,14.2047290802002
8,14.3893418312073
9,14.4492204189301
10,15.0358047485352
11,14.8394775390625
12,15.0859882831573
13,14.4203913211823
14,14.3457384109497
15,14.635733127594
16,14.6093015670776
17,14.7381391525269
18,14.8596572875977
19,14.2528026103973
20,14.0440313816071
21,13.9581344127655
22,14.3298397064209
23,14.4348905086517
24,14.468311548233
25,15.079204082489
26,14.8885743618011
27,14.7352981567383
28,14.61350274086
29,11.7463879585266
,433.927594661713
