pair_index,max_processing_time
0,7.9270236492157
1,7.68948793411255
2,7.67692184448242
3,7.80195307731628
4,7.74386835098267
5,7.77296113967896
6,7.72461938858032
7,7.88799428939819
8,7.71976542472839
9,7.71108627319336
10,7.58789992332459
11,7.78023386001587
12,7.70926713943481
13,7.75201177597046
14,7.80173134803772
15,7.78455376625061
16,7.84336590766907
17,7.81882262229919
18,7.7937867641449
19,7.99211502075195
20,7.87734246253967
21,8.02842497825623
22,8.00118136405945
23,7.91411924362183
24,7.89920902252197
25,8.04747271537781
26,7.89425253868103
27,7.78477835655212
28,7.79100608825684
29,7.97609710693359
30,7.77649974822998
31,7.86132955551148
32,7.86793255805969
33,8.01875352859497
34,7.74534726142883
35,7.76136302947998
36,7.86278820037842
37,7.66581320762634
38,7.56585311889648
39,7.94115853309631
40,7.84210252761841
41,7.81165981292725
42,7.83224248886108
43,7.84150075912476
44,7.91795301437378
45,7.93876147270203
46,7.77788686752319
47,7.74630308151245
48,7.87401270866394
49,7.87640142440796
50,7.84403347969055
51,7.99026226997376
52,7.98266267776489
53,7.92233324050903
54,7.97822117805481
55,7.98050212860107
56,7.98835253715515
57,8.08548593521118
58,8.31648874282837
59,2.57069897651672
,465.918057441711
