pair_index,max_processing_time
0,7.88581204414368
1,7.80602407455444
2,7.6837329864502
3,7.66659307479858
4,7.76433801651001
5,7.73742246627808
6,7.70849418640137
7,7.85432291030884
8,7.86299300193787
9,7.9236147403717
10,7.79146909713745
11,7.6961772441864
12,7.7746045589447
13,7.70959949493408
14,7.83211255073547
15,7.83980917930603
16,7.73362064361572
17,7.85743451118469
18,7.82697033882141
19,7.95604181289673
20,8.00536012649536
21,7.99879097938538
22,8.09670686721802
23,8.07903981208801
24,7.98627090454102
25,8.02124118804932
26,7.99540901184082
27,7.84247922897339
28,7.90002584457398
29,7.93101692199707
30,7.97118258476257
31,8.02797698974609
32,7.94277286529541
33,8.07268261909485
34,7.98616313934326
35,8.05519413948059
36,7.96329402923584
37,7.81175923347473
38,7.97463178634644
39,7.95504760742188
40,7.90467953681946
41,7.89017510414124
42,7.97031617164612
43,7.9405882358551
44,7.70927810668945
45,7.91477680206299
46,7.81273865699768
47,7.77289438247681
48,7.85911750793457
49,7.91691160202026
50,8.11192345619202
51,8.04737162590027
52,7.97753548622131
53,7.95642518997192
54,8.08824229240418
55,8.00067853927612
56,7.89144825935364
57,8.09495162963867
58,8.07793521881104
59,2.65115070343018
,469.117371320725
