pair_index,max_processing_time
0,7.7451183795929
1,7.75022292137146
2,7.65985631942749
3,7.80090689659119
4,7.74321675300598
5,7.75809001922607
6,7.74219441413879
7,7.86379671096802
8,7.90071201324463
9,7.80270886421204
10,7.71311020851135
11,7.75179934501648
12,7.82136249542236
13,7.79535984992981
14,7.69368958473206
15,7.8614296913147
16,7.83983707427979
17,7.84406447410584
18,7.80294489860535
19,7.95918393135071
20,8.08711886405945
21,8.06181931495667
22,8.09459257125855
23,8.02654242515564
24,8.01425981521606
25,7.96128344535828
26,8.00314402580261
27,7.84899139404297
28,7.86174082756043
29,7.92019176483154
30,7.94101810455322
31,7.88544297218323
32,8.04604983329773
33,7.94603133201599
34,7.98739099502564
35,7.94113850593567
36,7.9164879322052
37,7.73795890808106
38,7.87734580039978
39,7.9210057258606
40,7.95476055145264
41,7.91410732269287
42,7.92714190483093
43,7.93456530570984
44,7.83599829673767
45,7.94405865669251
46,7.663414478302
47,7.80766463279724
48,7.73377823829651
49,7.98155069351196
50,8.03001356124878
51,7.88333249092102
52,7.89382457733154
53,8.01047849655151
54,7.94554281234741
55,7.84272885322571
56,8.03017735481262
57,7.88775324821472
58,8.24142956733704
59,2.5849814414978
,467.97646188736
