pair_index,max_processing_time
0,7.83372688293457
1,7.72409462928772
2,8.2532331943512
3,7.30445146560669
4,7.50720643997192
5,7.40568947792053
6,7.62998223304749
7,7.0700113773346
8,7.16495990753174
9,6.98036956787109
10,7.49197888374329
11,7.18251037597656
12,7.15848684310913
13,7.26808834075928
14,7.19808197021484
15,7.18605613708496
16,7.18206095695496
17,7.10726547241211
18,7.55588841438294
19,7.30676746368408
20,7.53876543045044
21,7.94980144500732
22,8.00436472892761
23,7.41537404060364
24,7.40351676940918
25,7.43952417373657
26,7.33873081207275
27,7.56753468513489
28,7.28726601600647
29,8.06364464759827
30,7.36239528656006
31,7.31850051879883
32,7.63376426696777
33,7.42824292182922
34,7.31916928291321
35,7.34663510322571
36,7.19653344154358
37,7.45465087890625
38,7.18972897529602
39,7.09041428565979
40,7.01362347602844
41,7.1127393245697
42,6.98107814788818
43,7.11914658546448
44,7.13578820228577
45,7.27334475517273
46,7.26558423042297
47,7.35107755661011
48,7.21605038642883
49,7.47609901428223
50,7.56545114517212
51,7.47123432159424
52,7.44361877441406
53,7.42871522903442
54,7.36277794837952
55,7.4146888256073
56,7.34440302848816
57,7.41299939155579
58,7.75106406211853
59,2.39698219299316
,438.395934343338
