pair_index,max_processing_time
0,7.80618453025818
1,8.1165759563446
2,7.27288389205933
3,7.50918626785278
4,7.34608054161072
5,7.58114790916443
6,7.33405590057373
7,7.22741341590881
8,7.1540892124176
9,7.12779545783997
10,7.36842036247253
11,7.43447947502136
12,7.0915961265564
13,7.56664156913757
14,7.16681289672852
15,7.39293360710144
16,7.10069394111633
17,7.28238248825073
18,7.25085663795471
19,8.41004323959351
20,7.59050989151001
21,7.70687413215637
22,7.53842329978943
23,7.42887330055237
24,7.47736859321594
25,7.70128035545349
26,7.325115442276
27,7.25079298019409
28,7.12500977516174
29,7.3733024597168
30,7.26871585845947
31,7.4817202091217
32,7.44953107833862
33,7.53327918052673
34,7.31423711776733
35,7.52501153945923
36,7.31735324859619
37,7.60666799545288
38,7.25047731399536
39,7.13452839851379
40,7.05062294006348
41,7.11748957633972
42,7.04833364486694
43,7.09509921073914
44,7.26097846031189
45,7.18014001846314
46,7.43843817710877
47,7.43978762626648
48,7.2456910610199
49,7.38666367530823
50,7.65313315391541
51,7.41230297088623
52,7.48417949676514
53,7.42535519599915
54,7.40082979202271
55,7.47770547866821
56,7.57551836967468
57,7.35809540748596
58,7.90812206268311
59,2.3988299369812
,439.29666185379
