pair_index,max_processing_time
0,21.9221081733704
1,23.004403591156
2,21.6903331279755
3,22.1872842311859
4,21.8163797855377
5,21.579728603363
6,21.9253721237183
7,22.4951713085175
8,22.5601596832275
9,21.6887583732605
10,22.0431370735169
11,22.1736409664154
12,22.6538028717041
13,21.4689390659332
14,21.5310139656067
15,22.3573400974274
16,22.1933224201202
17,22.9479997158051
18,22.3065748214722
19,19.3697271347046
,439.915197134018
