pair_index,max_processing_time
0,21.9265232086182
1,21.9579730033875
2,21.2330732345581
3,21.9879155158997
4,21.6379618644714
5,22.0616085529327
6,21.7791221141815
7,22.177713394165
8,22.2578160762787
9,21.3268604278564
10,21.7341933250427
11,21.8294274806976
12,22.0882494449615
13,21.2867851257324
14,21.4199850559235
15,21.6989269256592
16,21.9127705097199
17,22.4254901409149
18,21.9763765335083
19,18.907598733902
,433.626370668411
