pair_index,max_processing_time
0,22.3156077861786
1,22.5259766578674
2,21.8552927970886
3,22.1776738166809
4,21.8549227714539
5,21.7374124526978
6,22.1331732273102
7,22.7003664970398
8,22.8882682323456
9,21.7408673763275
10,21.9178247451782
11,22.3509700298309
12,22.4411821365356
13,21.3216700553894
14,21.4633011817932
15,22.0536670684814
16,22.2765409946442
17,22.5763490200043
18,22.1948599815369
19,19.086855173111
,439.612782001495
