pair_index,max_processing_time
0,22.2234356403351
1,22.6337804794312
2,21.7655839920044
3,22.1401069164276
4,22.1068844795227
5,21.8702759742737
6,22.2330935001373
7,22.9067363739014
8,22.5558452606201
9,21.6279923915863
10,21.9405143260956
11,22.3073844909668
12,22.4217629432678
13,21.3682041168213
14,21.5847055912018
15,21.7864234447479
16,22.571789264679
17,22.602995634079
18,22.2752296924591
19,19.1060857772827
,440.028830289841
