pair_index,max_processing_time
0,23.5570321083069
1,25.5362918376923
2,23.1126701831818
3,22.4031066894531
4,23.4067707061768
5,22.1101608276367
6,23.139360666275
7,23.877183675766
8,23.6716289520264
9,22.5018689632416
10,23.2402982711792
11,23.0047571659088
12,24.1141459941864
13,22.2417449951172
14,22.4322805404663
15,23.0242562294006
16,23.3193373680115
17,24.1743483543396
18,23.6012811660767
19,20.6408171653748
,463.109341859818
