pair_index,max_processing_time
0,12.0716507434845
1,11.9827899932861
2,12.1859002113342
3,12.763026714325
4,11.7731955051422
5,11.2537870407105
6,11.5830624103546
7,11.8784067630768
8,11.3608775138855
9,12.5008227825165
10,11.3365397453308
11,11.388739824295
12,11.7048346996307
13,11.9374854564667
14,12.0259573459625
15,12.0945298671722
16,12.2018458843231
17,11.81915807724
18,11.2073104381561
19,11.706015586853
20,11.7913157939911
21,12.1719858646393
22,11.7474520206451
23,11.5524168014526
24,11.9124467372894
25,11.8303887844086
26,11.0922329425812
27,10.9912159442902
28,11.1491837501526
29,11.7231628894806
30,12.2520885467529
31,12.0107982158661
32,11.5491139888763
33,12.4673640727997
34,12.1109340190887
35,12.011340379715
36,11.9588048458099
37,11.548095703125
38,12.257425069809
39,7.1835720539093
,468.087275028229
