pair_index,max_processing_time
0,10.9953799247742
1,11.1651062965393
2,11.045343875885
3,11.1391360759735
4,11.0475144386292
5,10.6885435581207
6,11.3194699287415
7,11.3481476306915
8,10.9273567199707
9,11.6789202690125
10,11.2054917812347
11,11.0293080806732
12,11.1837284564972
13,11.7939977645874
14,11.5751576423645
15,11.5447332859039
16,11.4039309024811
17,11.1319646835327
18,10.8055520057678
19,11.4494960308075
20,11.0668790340424
21,11.725546836853
22,11.4964141845703
23,11.43523478508
24,11.8693697452545
25,11.7156729698181
26,10.9009156227112
27,10.8380408287048
28,11.2029695510864
29,11.4972262382507
30,11.4333026409149
31,11.6565723419189
32,11.5989623069763
33,11.708920955658
34,11.6715893745422
35,11.9211809635162
36,11.6637916564941
37,11.1992778778076
38,11.9366738796234
39,6.99848628044128
,450.015307426453
