pair_index,max_processing_time
0,11.6279006004334
1,10.9730155467987
2,11.4343130588532
3,11.5895028114319
4,11.4262013435364
5,11.2686772346497
6,11.6213457584381
7,11.6735541820526
8,11.4380168914795
9,11.5375525951386
10,10.82293176651
11,11.3734300136566
12,11.3577988147736
13,11.7348113059998
14,11.6802005767822
15,11.8174300193787
16,12.0863370895386
17,11.5525076389313
18,10.7053914070129
19,11.1070952415466
20,11.2940845489502
21,11.7608170509338
22,11.4144427776337
23,11.4591596126556
24,11.6023640632629
25,11.4506974220276
26,11.189512014389
27,10.7650382518768
28,11.003751039505
29,11.2482857704163
30,11.9281220436096
31,11.1097886562347
32,11.274941444397
33,11.6689772605896
34,11.6264696121216
35,11.2060394287109
36,10.9825456142426
37,10.9298577308655
38,11.2182056903839
39,6.49378824234009
,450.454902172089
