pair_index,max_processing_time
0,11.5904154777527
1,11.1076040267944
2,10.9199750423431
3,11.0318682193756
4,10.8596966266632
5,10.9063370227814
6,11.0472748279572
7,11.220734834671
8,10.6867341995239
9,11.389068365097
10,11.0681810379028
11,10.7697477340698
12,10.8284628391266
13,11.3936038017273
14,11.3310375213623
15,11.284764289856
16,11.2334859371185
17,11.0429918766022
18,10.7896139621735
19,10.9292802810669
20,10.8463764190674
21,11.5106630325317
22,11.4030454158783
23,11.2851877212524
24,11.7043445110321
25,11.3014318943024
26,10.9734456539154
27,11.0223846435547
28,11.2177557945251
29,11.5683157444
30,11.9023563861847
31,11.8522231578827
32,11.5459775924683
33,11.66969871521
34,11.8753793239594
35,11.9474403858185
36,11.5794651508331
37,11.4203410148621
38,11.7603952884674
39,6.51895189285278
,446.336057662964
